courseid,studentid
1234.201701,99543210
4321.201701,99123456
