courseid,studentid
1234.201801,99123456
8181.201801,99411111
